Da,snapshot,step,time,field,relative_l2,max_abs_difference,physical_vmin,physical_vmax,difference_limit
1,0,0,0.0,c1,0.0,0.0,-0.00011264694207096493,1.0074857630391452,0.045445723997334264
1,0,0,0.0,c2,0.0,0.0,-0.00011264694207096523,1.007485763039145,0.04544572399733471
1,0,0,0.0,vorticity,0.0,0.0,-109.41417312902105,109.41417312902105,4.152566894785259
1,1,149,0.093125,c1,0.007293181175626291,0.04191104980842675,-0.00011264694207096493,1.0074857630391452,0.045445723997334264
1,1,149,0.093125,c2,0.0072931811756262906,0.04191104980842608,-0.00011264694207096523,1.007485763039145,0.04544572399733471
1,1,149,0.093125,vorticity,0.03828747162286488,4.152566894785259,-59.01456533614252,59.01456533614252,4.152566894785259
1,2,297,0.185625,c1,0.009685265398927886,0.04234256799938513,-0.00011264694207096493,1.0074857630391452,0.045445723997334264
1,2,297,0.185625,c2,0.009685265398927834,0.04234256799938424,-0.00011264694207096523,1.007485763039145,0.04544572399733471
1,2,297,0.185625,vorticity,0.04240217741158284,3.1681003448188676,-43.21302244243478,43.21302244243478,4.152566894785259
1,3,446,0.27875,c1,0.01015546850304136,0.034449710103022946,-0.00011264694207096493,1.0074857630391452,0.045445723997334264
1,3,446,0.27875,c2,0.010155468503041325,0.03444971010302322,-0.00011264694207096523,1.007485763039145,0.04544572399733471
1,3,446,0.27875,vorticity,0.04003032281745708,2.1397087994385586,-33.1708175255349,33.1708175255349,4.152566894785259
1,4,594,0.37125,c1,0.00977497895662659,0.02675656853677344,-0.00011264694207096493,1.0074857630391452,0.045445723997334264
1,4,594,0.37125,c2,0.009774978956626525,0.026756568536773273,-0.00011264694207096523,1.007485763039145,0.04544572399733471
1,4,594,0.37125,vorticity,0.03700420322537139,1.460490513398856,-26.368754373004016,26.368754373004016,4.152566894785259
1,5,743,0.464375,c1,0.00933987589091162,0.020064941723729746,-0.00011264694207096493,1.0074857630391452,0.045445723997334264
1,5,743,0.464375,c2,0.009339875890911559,0.020064941723729857,-0.00011264694207096523,1.007485763039145,0.04544572399733471
1,5,743,0.464375,vorticity,0.03544685172432868,0.9723238745368654,-20.816245063818954,20.816245063818954,4.152566894785259
1,6,891,0.556875,c1,0.009634127862675321,0.01755507178836918,-0.00011264694207096493,1.0074857630391452,0.045445723997334264
1,6,891,0.556875,c2,0.009634127862675285,0.017555071788370402,-0.00011264694207096523,1.007485763039145,0.04544572399733471
1,6,891,0.556875,vorticity,0.034679067463315456,0.6966819615079665,-16.762979644924688,16.762979644924688,4.152566894785259
1,7,1040,0.65,c1,0.010658118382409423,0.01676736633452941,-0.00011264694207096493,1.0074857630391452,0.045445723997334264
1,7,1040,0.65,c2,0.01065811838240942,0.016767366334529743,-0.00011264694207096523,1.007485763039145,0.04544572399733471
1,7,1040,0.65,vorticity,0.033733759134238823,0.5216082777528808,-13.775503658998453,13.775503658998453,4.152566894785259
10,0,0,0.0,c1,0.0,0.0,-0.00011264694207096493,1.0074857630391452,0.045445723997334264
10,0,0,0.0,c2,0.0,0.0,-0.00011264694207096523,1.007485763039145,0.04544572399733471
10,0,0,0.0,vorticity,0.0,0.0,-109.41417312902105,109.41417312902105,4.152566894785259
10,1,149,0.093125,c1,0.00685221118440916,0.040246207583773286,-0.00011264694207096493,1.0074857630391452,0.045445723997334264
10,1,149,0.093125,c2,0.006852211184409169,0.04024620758377351,-0.00011264694207096523,1.007485763039145,0.04544572399733471
10,1,149,0.093125,vorticity,0.03828747162285114,4.152566894783483,-59.01456533614252,59.01456533614252,4.152566894785259
10,2,297,0.185625,c1,0.008941065490044926,0.03738551934123052,-0.00011264694207096493,1.0074857630391452,0.045445723997334264
10,2,297,0.185625,c2,0.008941065490044933,0.03738551934123174,-0.00011264694207096523,1.007485763039145,0.04544572399733471
10,2,297,0.185625,vorticity,0.042402177411559765,3.1681003448174465,-43.21302244243478,43.21302244243478,4.152566894785259
10,3,446,0.27875,c1,0.009465706119419257,0.025140075219714952,-0.00011264694207096493,1.0074857630391452,0.045445723997334264
10,3,446,0.27875,c2,0.009465706119419267,0.02514007521971437,-0.00011264694207096523,1.007485763039145,0.04544572399733471
10,3,446,0.27875,vorticity,0.04003032281743608,2.139708799437713,-33.1708175255349,33.1708175255349,4.152566894785259
10,4,594,0.37125,c1,0.009504647395280407,0.01690765129693389,-0.00011264694207096493,1.0074857630391452,0.045445723997334264
10,4,594,0.37125,c2,0.009504647395280374,0.016907651296932835,-0.00011264694207096523,1.007485763039145,0.04544572399733471
10,4,594,0.37125,vorticity,0.037004203225355234,1.4604905133983124,-26.368754373004016,26.368754373004016,4.152566894785259
10,5,743,0.464375,c1,0.009735794020611149,0.016537222566356924,-0.00011264694207096493,1.0074857630391452,0.045445723997334264
10,5,743,0.464375,c2,0.00973579402061108,0.016537222566356313,-0.00011264694207096523,1.007485763039145,0.04544572399733471
10,5,743,0.464375,vorticity,0.03544685172431346,0.9723238745365101,-20.816245063818954,20.816245063818954,4.152566894785259
10,6,891,0.556875,c1,0.010829805194080243,0.01897926605023903,-0.00011264694207096493,1.0074857630391452,0.045445723997334264
10,6,891,0.556875,c2,0.010829805194080186,0.01897926605023781,-0.00011264694207096523,1.007485763039145,0.04544572399733471
10,6,891,0.556875,vorticity,0.03467906746329838,0.6966819615076609,-16.762979644924688,16.762979644924688,4.152566894785259
10,7,1040,0.65,c1,0.012681665172263056,0.020871196722707153,-0.00011264694207096493,1.0074857630391452,0.045445723997334264
10,7,1040,0.65,c2,0.01268166517226302,0.02087119672270732,-0.00011264694207096523,1.007485763039145,0.04544572399733471
10,7,1040,0.65,vorticity,0.03373375913421868,0.521608277752625,-13.775503658998453,13.775503658998453,4.152566894785259
100,0,0,0.0,c1,0.0,0.0,-0.00011264694207096493,1.0074857630391452,0.045445723997334264
100,0,0,0.0,c2,0.0,0.0,-0.00011264694207096523,1.007485763039145,0.04544572399733471
100,0,0,0.0,vorticity,0.0,0.0,-109.41417312902105,109.41417312902105,4.152566894785259
100,1,149,0.093125,c1,0.006910264446572666,0.045445723997334264,-0.00011264694207096493,1.0074857630391452,0.045445723997334264
100,1,149,0.093125,c2,0.006910264446572697,0.04544572399733471,-0.00011264694207096523,1.007485763039145,0.04544572399733471
100,1,149,0.093125,vorticity,0.0382874716228266,4.152566894781202,-59.01456533614252,59.01456533614252,4.152566894785259
100,2,297,0.185625,c1,0.009578323295535393,0.04023477279311566,-0.00011264694207096493,1.0074857630391452,0.045445723997334264
100,2,297,0.185625,c2,0.009578323295535405,0.040234772793116214,-0.00011264694207096523,1.007485763039145,0.04544572399733471
100,2,297,0.185625,vorticity,0.04240217741154732,3.1681003448165796,-43.21302244243478,43.21302244243478,4.152566894785259
100,3,446,0.27875,c1,0.01085425959720459,0.029614202577192605,-0.00011264694207096493,1.0074857630391452,0.045445723997334264
100,3,446,0.27875,c2,0.0108542595972046,0.02961420257719316,-0.00011264694207096523,1.007485763039145,0.04544572399733471
100,3,446,0.27875,vorticity,0.04003032281742712,2.139708799436921,-33.1708175255349,33.1708175255349,4.152566894785259
100,4,594,0.37125,c1,0.011257593585036562,0.026251009050637375,-0.00011264694207096493,1.0074857630391452,0.045445723997334264
100,4,594,0.37125,c2,0.011257593585036522,0.026251009050638097,-0.00011264694207096523,1.007485763039145,0.04544572399733471
100,4,594,0.37125,vorticity,0.037004203225343195,1.4604905133975237,-26.368754373004016,26.368754373004016,4.152566894785259
100,5,743,0.464375,c1,0.011530440525210142,0.023562245645177643,-0.00011264694207096493,1.0074857630391452,0.045445723997334264
100,5,743,0.464375,c2,0.011530440525210076,0.023562245645177143,-0.00011264694207096523,1.007485763039145,0.04544572399733471
100,5,743,0.464375,vorticity,0.03544685172429786,0.972323874535995,-20.816245063818954,20.816245063818954,4.152566894785259
100,6,891,0.556875,c1,0.01282920265947348,0.025995890584888104,-0.00011264694207096493,1.0074857630391452,0.045445723997334264
100,6,891,0.556875,c2,0.01282920265947343,0.025995890584887382,-0.00011264694207096523,1.007485763039145,0.04544572399733471
100,6,891,0.556875,vorticity,0.03467906746329546,0.6966819615074265,-16.762979644924688,16.762979644924688,4.152566894785259
100,7,1040,0.65,c1,0.014991945767387339,0.027411408613738725,-0.00011264694207096493,1.0074857630391452,0.045445723997334264
100,7,1040,0.65,c2,0.014991945767387308,0.02741140861373975,-0.00011264694207096523,1.007485763039145,0.04544572399733471
100,7,1040,0.65,vorticity,0.03373375913421666,0.5216082777524935,-13.775503658998453,13.775503658998453,4.152566894785259
