Da,method,snapshot,step,time,y,shear_stress
1,DNS,2,297,0.185625,0.0078125,-3.1469391572865393e-18
1,DNS,2,297,0.185625,0.0234375,-2.625013065928427e-07
1,DNS,2,297,0.185625,0.0390625,-1.521053381099533e-06
1,DNS,2,297,0.185625,0.0546875,-5.232042418913786e-06
1,DNS,2,297,0.185625,0.0703125,-1.440421882572461e-05
1,DNS,2,297,0.185625,0.0859375,-3.502749675961168e-05
1,DNS,2,297,0.185625,0.1015625,-7.847026075768975e-05
1,DNS,2,297,0.185625,0.1171875,-0.0001652498726617288
1,DNS,2,297,0.185625,0.1328125,-0.00033039992599335935
1,DNS,2,297,0.185625,0.1484375,-0.0006299264188008549
1,DNS,2,297,0.185625,0.1640625,-0.00114603960070139
1,DNS,2,297,0.185625,0.1796875,-0.0019854717062279814
1,DNS,2,297,0.185625,0.1953125,-0.003260611448107779
1,DNS,2,297,0.185625,0.2109375,-0.005040401661950749
1,DNS,2,297,0.185625,0.2265625,-0.0072643111179430215
1,DNS,2,297,0.185625,0.2421875,-0.009637370102702651
1,DNS,2,297,0.185625,0.2578125,-0.011565211868193844
1,DNS,2,297,0.185625,0.2734375,-0.012213446414506304
1,DNS,2,297,0.185625,0.2890625,-0.010732314937441909
1,DNS,2,297,0.185625,0.3046875,-0.006566635780316988
1,DNS,2,297,0.185625,0.3203125,0.0003306801896366628
1,DNS,2,297,0.185625,0.3359375,0.009519218078770417
1,DNS,2,297,0.185625,0.3515625,0.020289616523327073
1,DNS,2,297,0.185625,0.3671875,0.03190905084563729
1,DNS,2,297,0.185625,0.3828125,0.04374635813501669
1,DNS,2,297,0.185625,0.3984375,0.05526154258136452
1,DNS,2,297,0.185625,0.4140625,0.06595275454738087
1,DNS,2,297,0.185625,0.4296875,0.07535489781226087
1,DNS,2,297,0.185625,0.4453125,0.0830985712852381
1,DNS,2,297,0.185625,0.4609375,0.08896335534463103
1,DNS,2,297,0.185625,0.4765625,0.09286889465814269
1,DNS,2,297,0.185625,0.4921875,0.09481395297877164
1,DNS,2,297,0.185625,0.5078125,0.09481395297877161
1,DNS,2,297,0.185625,0.5234375,0.0928688946581427
1,DNS,2,297,0.185625,0.5390625,0.08896335534463097
1,DNS,2,297,0.185625,0.5546875,0.08309857128523804
1,DNS,2,297,0.185625,0.5703125,0.0753548978122609
1,DNS,2,297,0.185625,0.5859375,0.06595275454738078
1,DNS,2,297,0.185625,0.6015625,0.055261542581364474
1,DNS,2,297,0.185625,0.6171875,0.04374635813501673
1,DNS,2,297,0.185625,0.6328125,0.03190905084563734
1,DNS,2,297,0.185625,0.6484375,0.020289616523327097
1,DNS,2,297,0.185625,0.6640625,0.00951921807877042
1,DNS,2,297,0.185625,0.6796875,0.00033068018963663243
1,DNS,2,297,0.185625,0.6953125,-0.006566635780317007
1,DNS,2,297,0.185625,0.7109375,-0.010732314937441916
1,DNS,2,297,0.185625,0.7265625,-0.01221344641450631
1,DNS,2,297,0.185625,0.7421875,-0.011565211868193847
1,DNS,2,297,0.185625,0.7578125,-0.009637370102702646
1,DNS,2,297,0.185625,0.7734375,-0.007264311117943024
1,DNS,2,297,0.185625,0.7890625,-0.005040401661950749
1,DNS,2,297,0.185625,0.8046875,-0.00326061144810778
1,DNS,2,297,0.185625,0.8203125,-0.001985471706227982
1,DNS,2,297,0.185625,0.8359375,-0.0011460396007013896
1,DNS,2,297,0.185625,0.8515625,-0.0006299264188008546
1,DNS,2,297,0.185625,0.8671875,-0.000330399925993368
1,DNS,2,297,0.185625,0.8828125,-0.0001652498726617371
1,DNS,2,297,0.185625,0.8984375,-7.847026075769446e-05
1,DNS,2,297,0.185625,0.9140625,-3.502749675961391e-05
1,DNS,2,297,0.185625,0.9296875,-1.4404218825726107e-05
1,DNS,2,297,0.185625,0.9453125,-5.232042418915179e-06
1,DNS,2,297,0.185625,0.9609375,-1.521053381099605e-06
1,DNS,2,297,0.185625,0.9765625,-2.625013065926538e-07
1,DNS,2,297,0.185625,0.9921875,-3.3370980539451298e-18
1,MF,2,297,0.185625,0.0078125,-3.8387597438189764e-13
1,MF,2,297,0.185625,0.0234375,-2.6146898424363345e-07
1,MF,2,297,0.185625,0.0390625,-1.5172052320346729e-06
1,MF,2,297,0.185625,0.0546875,-5.227628657307749e-06
1,MF,2,297,0.185625,0.0703125,-1.4416439577163112e-05
1,MF,2,297,0.185625,0.0859375,-3.511042980988327e-05
1,MF,2,297,0.185625,0.1015625,-7.875479575585623e-05
1,MF,2,297,0.185625,0.1171875,-0.0001660083159938198
1,MF,2,297,0.185625,0.1328125,-0.00033213232581183157
1,MF,2,297,0.185625,0.1484375,-0.0006334313734410186
1,MF,2,297,0.185625,0.1640625,-0.0011523468216583974
1,MF,2,297,0.185625,0.1796875,-0.0019953503281336426
1,MF,2,297,0.185625,0.1953125,-0.003273153706707034
1,MF,2,297,0.185625,0.2109375,-0.005050123605738433
1,MF,2,297,0.185625,0.2265625,-0.0072568481880229095
1,MF,2,297,0.185625,0.2421875,-0.009585885098163879
1,MF,2,297,0.185625,0.2578125,-0.011432878521056932
1,MF,2,297,0.185625,0.2734375,-0.011968891370747279
1,MF,2,297,0.185625,0.2890625,-0.010379429058473891
1,MF,2,297,0.185625,0.3046875,-0.006176647365830866
1,MF,2,297,0.185625,0.3203125,0.0006078842062166643
1,MF,2,297,0.185625,0.3359375,0.0094807467687339
1,MF,2,297,0.185625,0.3515625,0.019735281917840724
1,MF,2,297,0.185625,0.3671875,0.030701871124357766
1,MF,2,297,0.185625,0.3828125,0.04185477812152166
1,MF,2,297,0.185625,0.3984375,0.05277471753467261
1,MF,2,297,0.185625,0.4140625,0.06306848931422045
1,MF,2,297,0.185625,0.4296875,0.0723381582792493
1,MF,2,297,0.185625,0.4453125,0.08021099630179536
1,MF,2,297,0.185625,0.4609375,0.08638070818009422
1,MF,2,297,0.185625,0.4765625,0.09062130532345142
1,MF,2,297,0.185625,0.4921875,0.09278105590366671
1,MF,2,297,0.185625,0.5078125,0.0927810559036667
1,MF,2,297,0.185625,0.5234375,0.09062130532345143
1,MF,2,297,0.185625,0.5390625,0.08638070818009425
1,MF,2,297,0.185625,0.5546875,0.0802109963017954
1,MF,2,297,0.185625,0.5703125,0.07233815827924939
1,MF,2,297,0.185625,0.5859375,0.06306848931422063
1,MF,2,297,0.185625,0.6015625,0.05277471753467274
1,MF,2,297,0.185625,0.6171875,0.04185477812152175
1,MF,2,297,0.185625,0.6328125,0.030701871124357915
1,MF,2,297,0.185625,0.6484375,0.01973528191784079
1,MF,2,297,0.185625,0.6640625,0.009480746768733991
1,MF,2,297,0.185625,0.6796875,0.0006078842062167616
1,MF,2,297,0.185625,0.6953125,-0.006176647365830758
1,MF,2,297,0.185625,0.7109375,-0.0103794290584738
1,MF,2,297,0.185625,0.7265625,-0.011968891370747189
1,MF,2,297,0.185625,0.7421875,-0.011432878521056889
1,MF,2,297,0.185625,0.7578125,-0.009585885098163873
1,MF,2,297,0.185625,0.7734375,-0.007256848188022896
1,MF,2,297,0.185625,0.7890625,-0.005050123605738436
1,MF,2,297,0.185625,0.8046875,-0.0032731537067070384
1,MF,2,297,0.185625,0.8203125,-0.0019953503281336586
1,MF,2,297,0.185625,0.8359375,-0.0011523468216584152
1,MF,2,297,0.185625,0.8515625,-0.0006334313734410222
1,MF,2,297,0.185625,0.8671875,-0.00033213232581183374
1,MF,2,297,0.185625,0.8828125,-0.00016600831599382208
1,MF,2,297,0.185625,0.8984375,-7.875479575585525e-05
1,MF,2,297,0.185625,0.9140625,-3.511042980987917e-05
1,MF,2,297,0.185625,0.9296875,-1.441643957716105e-05
1,MF,2,297,0.185625,0.9453125,-5.227628657308804e-06
1,MF,2,297,0.185625,0.9609375,-1.517205232035945e-06
1,MF,2,297,0.185625,0.9765625,-2.614689842438632e-07
1,MF,2,297,0.185625,0.9921875,-3.838759958753587e-13
10,DNS,2,297,0.185625,0.0078125,-3.1469391572865393e-18
10,DNS,2,297,0.185625,0.0234375,-2.625013065928427e-07
10,DNS,2,297,0.185625,0.0390625,-1.521053381099533e-06
10,DNS,2,297,0.185625,0.0546875,-5.232042418913786e-06
10,DNS,2,297,0.185625,0.0703125,-1.440421882572461e-05
10,DNS,2,297,0.185625,0.0859375,-3.502749675961168e-05
10,DNS,2,297,0.185625,0.1015625,-7.847026075768975e-05
10,DNS,2,297,0.185625,0.1171875,-0.0001652498726617288
10,DNS,2,297,0.185625,0.1328125,-0.00033039992599335935
10,DNS,2,297,0.185625,0.1484375,-0.0006299264188008549
10,DNS,2,297,0.185625,0.1640625,-0.00114603960070139
10,DNS,2,297,0.185625,0.1796875,-0.0019854717062279814
10,DNS,2,297,0.185625,0.1953125,-0.003260611448107779
10,DNS,2,297,0.185625,0.2109375,-0.005040401661950749
10,DNS,2,297,0.185625,0.2265625,-0.0072643111179430215
10,DNS,2,297,0.185625,0.2421875,-0.009637370102702651
10,DNS,2,297,0.185625,0.2578125,-0.011565211868193844
10,DNS,2,297,0.185625,0.2734375,-0.012213446414506304
10,DNS,2,297,0.185625,0.2890625,-0.010732314937441909
10,DNS,2,297,0.185625,0.3046875,-0.006566635780316988
10,DNS,2,297,0.185625,0.3203125,0.0003306801896366628
10,DNS,2,297,0.185625,0.3359375,0.009519218078770417
10,DNS,2,297,0.185625,0.3515625,0.020289616523327073
10,DNS,2,297,0.185625,0.3671875,0.03190905084563729
10,DNS,2,297,0.185625,0.3828125,0.04374635813501669
10,DNS,2,297,0.185625,0.3984375,0.05526154258136452
10,DNS,2,297,0.185625,0.4140625,0.06595275454738087
10,DNS,2,297,0.185625,0.4296875,0.07535489781226087
10,DNS,2,297,0.185625,0.4453125,0.0830985712852381
10,DNS,2,297,0.185625,0.4609375,0.08896335534463103
10,DNS,2,297,0.185625,0.4765625,0.09286889465814269
10,DNS,2,297,0.185625,0.4921875,0.09481395297877164
10,DNS,2,297,0.185625,0.5078125,0.09481395297877161
10,DNS,2,297,0.185625,0.5234375,0.0928688946581427
10,DNS,2,297,0.185625,0.5390625,0.08896335534463097
10,DNS,2,297,0.185625,0.5546875,0.08309857128523804
10,DNS,2,297,0.185625,0.5703125,0.0753548978122609
10,DNS,2,297,0.185625,0.5859375,0.06595275454738078
10,DNS,2,297,0.185625,0.6015625,0.055261542581364474
10,DNS,2,297,0.185625,0.6171875,0.04374635813501673
10,DNS,2,297,0.185625,0.6328125,0.03190905084563734
10,DNS,2,297,0.185625,0.6484375,0.020289616523327097
10,DNS,2,297,0.185625,0.6640625,0.00951921807877042
10,DNS,2,297,0.185625,0.6796875,0.00033068018963663243
10,DNS,2,297,0.185625,0.6953125,-0.006566635780317007
10,DNS,2,297,0.185625,0.7109375,-0.010732314937441916
10,DNS,2,297,0.185625,0.7265625,-0.01221344641450631
10,DNS,2,297,0.185625,0.7421875,-0.011565211868193847
10,DNS,2,297,0.185625,0.7578125,-0.009637370102702646
10,DNS,2,297,0.185625,0.7734375,-0.007264311117943024
10,DNS,2,297,0.185625,0.7890625,-0.005040401661950749
10,DNS,2,297,0.185625,0.8046875,-0.00326061144810778
10,DNS,2,297,0.185625,0.8203125,-0.001985471706227982
10,DNS,2,297,0.185625,0.8359375,-0.0011460396007013896
10,DNS,2,297,0.185625,0.8515625,-0.0006299264188008546
10,DNS,2,297,0.185625,0.8671875,-0.000330399925993368
10,DNS,2,297,0.185625,0.8828125,-0.0001652498726617371
10,DNS,2,297,0.185625,0.8984375,-7.847026075769446e-05
10,DNS,2,297,0.185625,0.9140625,-3.502749675961391e-05
10,DNS,2,297,0.185625,0.9296875,-1.4404218825726107e-05
10,DNS,2,297,0.185625,0.9453125,-5.232042418915179e-06
10,DNS,2,297,0.185625,0.9609375,-1.521053381099605e-06
10,DNS,2,297,0.185625,0.9765625,-2.625013065926538e-07
10,DNS,2,297,0.185625,0.9921875,-3.3370980539451298e-18
10,MF,2,297,0.185625,0.0078125,-3.8387620990999654e-13
10,MF,2,297,0.185625,0.0234375,-2.6146898424426195e-07
10,MF,2,297,0.185625,0.0390625,-1.517205232036641e-06
10,MF,2,297,0.185625,0.0546875,-5.227628657311292e-06
10,MF,2,297,0.185625,0.0703125,-1.4416439577161731e-05
10,MF,2,297,0.185625,0.0859375,-3.511042980988164e-05
10,MF,2,297,0.185625,0.1015625,-7.875479575585227e-05
10,MF,2,297,0.185625,0.1171875,-0.00016600831599382113
10,MF,2,297,0.185625,0.1328125,-0.0003321323258118255
10,MF,2,297,0.185625,0.1484375,-0.0006334313734410223
10,MF,2,297,0.185625,0.1640625,-0.001152346821658414
10,MF,2,297,0.185625,0.1796875,-0.0019953503281336733
10,MF,2,297,0.185625,0.1953125,-0.003273153706707099
10,MF,2,297,0.185625,0.2109375,-0.005050123605738533
10,MF,2,297,0.185625,0.2265625,-0.007256848188023014
10,MF,2,297,0.185625,0.2421875,-0.009585885098164028
10,MF,2,297,0.185625,0.2578125,-0.011432878521057118
10,MF,2,297,0.185625,0.2734375,-0.011968891370747543
10,MF,2,297,0.185625,0.2890625,-0.010379429058474245
10,MF,2,297,0.185625,0.3046875,-0.006176647365831429
10,MF,2,297,0.185625,0.3203125,0.0006078842062160325
10,MF,2,297,0.185625,0.3359375,0.009480746768733415
10,MF,2,297,0.185625,0.3515625,0.01973528191784051
10,MF,2,297,0.185625,0.3671875,0.03070187112435798
10,MF,2,297,0.185625,0.3828125,0.041854778121522204
10,MF,2,297,0.185625,0.3984375,0.05277471753467358
10,MF,2,297,0.185625,0.4140625,0.06306848931422147
10,MF,2,297,0.185625,0.4296875,0.07233815827925001
10,MF,2,297,0.185625,0.4453125,0.08021099630179582
10,MF,2,297,0.185625,0.4609375,0.08638070818009469
10,MF,2,297,0.185625,0.4765625,0.09062130532345201
10,MF,2,297,0.185625,0.4921875,0.0927810559036675
10,MF,2,297,0.185625,0.5078125,0.0927810559036675
10,MF,2,297,0.185625,0.5234375,0.09062130532345197
10,MF,2,297,0.185625,0.5390625,0.08638070818009469
10,MF,2,297,0.185625,0.5546875,0.08021099630179578
10,MF,2,297,0.185625,0.5703125,0.07233815827924997
10,MF,2,297,0.185625,0.5859375,0.0630684893142215
10,MF,2,297,0.185625,0.6015625,0.05277471753467364
10,MF,2,297,0.185625,0.6171875,0.041854778121522315
10,MF,2,297,0.185625,0.6328125,0.030701871124358075
10,MF,2,297,0.185625,0.6484375,0.019735281917840616
10,MF,2,297,0.185625,0.6640625,0.009480746768733495
10,MF,2,297,0.185625,0.6796875,0.0006078842062160578
10,MF,2,297,0.185625,0.6953125,-0.0061766473658314
10,MF,2,297,0.185625,0.7109375,-0.010379429058474204
10,MF,2,297,0.185625,0.7265625,-0.011968891370747504
10,MF,2,297,0.185625,0.7421875,-0.011432878521057102
10,MF,2,297,0.185625,0.7578125,-0.009585885098164023
10,MF,2,297,0.185625,0.7734375,-0.007256848188023018
10,MF,2,297,0.185625,0.7890625,-0.005050123605738531
10,MF,2,297,0.185625,0.8046875,-0.003273153706707101
10,MF,2,297,0.185625,0.8203125,-0.0019953503281336916
10,MF,2,297,0.185625,0.8359375,-0.0011523468216584278
10,MF,2,297,0.185625,0.8515625,-0.0006334313734410262
10,MF,2,297,0.185625,0.8671875,-0.0003321323258118317
10,MF,2,297,0.185625,0.8828125,-0.0001660083159938239
10,MF,2,297,0.185625,0.8984375,-7.875479575585043e-05
10,MF,2,297,0.185625,0.9140625,-3.5110429809878695e-05
10,MF,2,297,0.185625,0.9296875,-1.4416439577158631e-05
10,MF,2,297,0.185625,0.9453125,-5.227628657308406e-06
10,MF,2,297,0.185625,0.9609375,-1.517205232037105e-06
10,MF,2,297,0.185625,0.9765625,-2.614689842452284e-07
10,MF,2,297,0.185625,0.9921875,-3.838760913783235e-13
100,DNS,2,297,0.185625,0.0078125,-3.1469391572865393e-18
100,DNS,2,297,0.185625,0.0234375,-2.625013065928427e-07
100,DNS,2,297,0.185625,0.0390625,-1.521053381099533e-06
100,DNS,2,297,0.185625,0.0546875,-5.232042418913786e-06
100,DNS,2,297,0.185625,0.0703125,-1.440421882572461e-05
100,DNS,2,297,0.185625,0.0859375,-3.502749675961168e-05
100,DNS,2,297,0.185625,0.1015625,-7.847026075768975e-05
100,DNS,2,297,0.185625,0.1171875,-0.0001652498726617288
100,DNS,2,297,0.185625,0.1328125,-0.00033039992599335935
100,DNS,2,297,0.185625,0.1484375,-0.0006299264188008549
100,DNS,2,297,0.185625,0.1640625,-0.00114603960070139
100,DNS,2,297,0.185625,0.1796875,-0.0019854717062279814
100,DNS,2,297,0.185625,0.1953125,-0.003260611448107779
100,DNS,2,297,0.185625,0.2109375,-0.005040401661950749
100,DNS,2,297,0.185625,0.2265625,-0.0072643111179430215
100,DNS,2,297,0.185625,0.2421875,-0.009637370102702651
100,DNS,2,297,0.185625,0.2578125,-0.011565211868193844
100,DNS,2,297,0.185625,0.2734375,-0.012213446414506304
100,DNS,2,297,0.185625,0.2890625,-0.010732314937441909
100,DNS,2,297,0.185625,0.3046875,-0.006566635780316988
100,DNS,2,297,0.185625,0.3203125,0.0003306801896366628
100,DNS,2,297,0.185625,0.3359375,0.009519218078770417
100,DNS,2,297,0.185625,0.3515625,0.020289616523327073
100,DNS,2,297,0.185625,0.3671875,0.03190905084563729
100,DNS,2,297,0.185625,0.3828125,0.04374635813501669
100,DNS,2,297,0.185625,0.3984375,0.05526154258136452
100,DNS,2,297,0.185625,0.4140625,0.06595275454738087
100,DNS,2,297,0.185625,0.4296875,0.07535489781226087
100,DNS,2,297,0.185625,0.4453125,0.0830985712852381
100,DNS,2,297,0.185625,0.4609375,0.08896335534463103
100,DNS,2,297,0.185625,0.4765625,0.09286889465814269
100,DNS,2,297,0.185625,0.4921875,0.09481395297877164
100,DNS,2,297,0.185625,0.5078125,0.09481395297877161
100,DNS,2,297,0.185625,0.5234375,0.0928688946581427
100,DNS,2,297,0.185625,0.5390625,0.08896335534463097
100,DNS,2,297,0.185625,0.5546875,0.08309857128523804
100,DNS,2,297,0.185625,0.5703125,0.0753548978122609
100,DNS,2,297,0.185625,0.5859375,0.06595275454738078
100,DNS,2,297,0.185625,0.6015625,0.055261542581364474
100,DNS,2,297,0.185625,0.6171875,0.04374635813501673
100,DNS,2,297,0.185625,0.6328125,0.03190905084563734
100,DNS,2,297,0.185625,0.6484375,0.020289616523327097
100,DNS,2,297,0.185625,0.6640625,0.00951921807877042
100,DNS,2,297,0.185625,0.6796875,0.00033068018963663243
100,DNS,2,297,0.185625,0.6953125,-0.006566635780317007
100,DNS,2,297,0.185625,0.7109375,-0.010732314937441916
100,DNS,2,297,0.185625,0.7265625,-0.01221344641450631
100,DNS,2,297,0.185625,0.7421875,-0.011565211868193847
100,DNS,2,297,0.185625,0.7578125,-0.009637370102702646
100,DNS,2,297,0.185625,0.7734375,-0.007264311117943024
100,DNS,2,297,0.185625,0.7890625,-0.005040401661950749
100,DNS,2,297,0.185625,0.8046875,-0.00326061144810778
100,DNS,2,297,0.185625,0.8203125,-0.001985471706227982
100,DNS,2,297,0.185625,0.8359375,-0.0011460396007013896
100,DNS,2,297,0.185625,0.8515625,-0.0006299264188008546
100,DNS,2,297,0.185625,0.8671875,-0.000330399925993368
100,DNS,2,297,0.185625,0.8828125,-0.0001652498726617371
100,DNS,2,297,0.185625,0.8984375,-7.847026075769446e-05
100,DNS,2,297,0.185625,0.9140625,-3.502749675961391e-05
100,DNS,2,297,0.185625,0.9296875,-1.4404218825726107e-05
100,DNS,2,297,0.185625,0.9453125,-5.232042418915179e-06
100,DNS,2,297,0.185625,0.9609375,-1.521053381099605e-06
100,DNS,2,297,0.185625,0.9765625,-2.625013065926538e-07
100,DNS,2,297,0.185625,0.9921875,-3.3370980539451298e-18
100,MF,2,297,0.185625,0.0078125,-3.838762517322483e-13
100,MF,2,297,0.185625,0.0234375,-2.614689842441658e-07
100,MF,2,297,0.185625,0.0390625,-1.5172052320357113e-06
100,MF,2,297,0.185625,0.0546875,-5.2276286573069374e-06
100,MF,2,297,0.185625,0.0703125,-1.4416439577162009e-05
100,MF,2,297,0.185625,0.0859375,-3.511042980987942e-05
100,MF,2,297,0.185625,0.1015625,-7.875479575585907e-05
100,MF,2,297,0.185625,0.1171875,-0.0001660083159938225
100,MF,2,297,0.185625,0.1328125,-0.00033213232581183645
100,MF,2,297,0.185625,0.1484375,-0.0006334313734410354
100,MF,2,297,0.185625,0.1640625,-0.001152346821658433
100,MF,2,297,0.185625,0.1796875,-0.0019953503281337015
100,MF,2,297,0.185625,0.1953125,-0.0032731537067071034
100,MF,2,297,0.185625,0.2109375,-0.005050123605738531
100,MF,2,297,0.185625,0.2265625,-0.007256848188023036
100,MF,2,297,0.185625,0.2421875,-0.009585885098164057
100,MF,2,297,0.185625,0.2578125,-0.01143287852105721
100,MF,2,297,0.185625,0.2734375,-0.011968891370747643
100,MF,2,297,0.185625,0.2890625,-0.010379429058474453
100,MF,2,297,0.185625,0.3046875,-0.006176647365831635
100,MF,2,297,0.185625,0.3203125,0.0006078842062160585
100,MF,2,297,0.185625,0.3359375,0.009480746768734217
100,MF,2,297,0.185625,0.3515625,0.01973528191784231
100,MF,2,297,0.185625,0.3671875,0.030701871124360597
100,MF,2,297,0.185625,0.3828125,0.04185477812152529
100,MF,2,297,0.185625,0.3984375,0.05277471753467666
100,MF,2,297,0.185625,0.4140625,0.06306848931422375
100,MF,2,297,0.185625,0.4296875,0.07233815827925076
100,MF,2,297,0.185625,0.4453125,0.08021099630179498
100,MF,2,297,0.185625,0.4609375,0.08638070818009314
100,MF,2,297,0.185625,0.4765625,0.09062130532345027
100,MF,2,297,0.185625,0.4921875,0.09278105590366648
100,MF,2,297,0.185625,0.5078125,0.09278105590366649
100,MF,2,297,0.185625,0.5234375,0.09062130532345028
100,MF,2,297,0.185625,0.5390625,0.08638070818009312
100,MF,2,297,0.185625,0.5546875,0.08021099630179496
100,MF,2,297,0.185625,0.5703125,0.07233815827925075
100,MF,2,297,0.185625,0.5859375,0.06306848931422379
100,MF,2,297,0.185625,0.6015625,0.052774717534676746
100,MF,2,297,0.185625,0.6171875,0.041854778121525354
100,MF,2,297,0.185625,0.6328125,0.030701871124360687
100,MF,2,297,0.185625,0.6484375,0.019735281917842414
100,MF,2,297,0.185625,0.6640625,0.009480746768734262
100,MF,2,297,0.185625,0.6796875,0.000607884206216111
100,MF,2,297,0.185625,0.6953125,-0.006176647365831584
100,MF,2,297,0.185625,0.7109375,-0.010379429058474447
100,MF,2,297,0.185625,0.7265625,-0.011968891370747631
100,MF,2,297,0.185625,0.7421875,-0.01143287852105718
100,MF,2,297,0.185625,0.7578125,-0.009585885098164052
100,MF,2,297,0.185625,0.7734375,-0.007256848188023026
100,MF,2,297,0.185625,0.7890625,-0.00505012360573854
100,MF,2,297,0.185625,0.8046875,-0.0032731537067071078
100,MF,2,297,0.185625,0.8203125,-0.001995350328133705
100,MF,2,297,0.185625,0.8359375,-0.0011523468216584278
100,MF,2,297,0.185625,0.8515625,-0.0006334313734410301
100,MF,2,297,0.185625,0.8671875,-0.0003321323258118281
100,MF,2,297,0.185625,0.8828125,-0.00016600831599381668
100,MF,2,297,0.185625,0.8984375,-7.875479575584799e-05
100,MF,2,297,0.185625,0.9140625,-3.5110429809873376e-05
100,MF,2,297,0.185625,0.9296875,-1.441643957715584e-05
100,MF,2,297,0.185625,0.9453125,-5.2276286573084934e-06
100,MF,2,297,0.185625,0.9609375,-1.5172052320372618e-06
100,MF,2,297,0.185625,0.9765625,-2.614689842447649e-07
100,MF,2,297,0.185625,0.9921875,-3.8387622806826535e-13
