Da,method,snapshot,time,R11,R22,R12,covariance_streamwise,vorticity_thickness,velocity_jump,maximum_mean_shear,covariance_global,covariance_between_y,mean_c1,mean_c2
1,DNS,0,0.0,0.2366846801687004,0.4852127952534624,-8.185779341824762e-21,0.0,0.03964542975489275,2.0,50.44717669514415,-0.2406281910113029,-0.2406281910113029,0.5,0.5
1,DNS,1,0.093125,0.11418011985946783,0.37845907346033486,-0.015626280380754518,-0.03848872694022822,0.15570351461771595,1.999998991654424,12.844918732662082,-0.21512153313851876,-0.17663280619829053,0.4980401178569932,0.4980401178569932
1,DNS,2,0.185625,0.07453705834779617,0.24564856941761914,0.01848239326722436,-0.03926455693038449,0.1708386630471096,1.9999652968576047,11.706748701879647,-0.18516868897846395,-0.1459041320480795,0.49379496117679456,0.49379496117679456
1,DNS,3,0.27875,0.06576760447096071,0.13798918035102192,0.015221244730854431,-0.02884037349477158,0.19617933032856957,1.9996977666071842,10.193213338316552,-0.15832563702489405,-0.12948526353012246,0.48730813775212384,0.4873081377521238
1,DNS,4,0.37125,0.05915918012694884,0.08837368473846337,-0.0018760738770643571,-0.019445501604204378,0.2585018558006985,1.9987832113966344,7.732181284368301,-0.14058272396978233,-0.12113722236557795,0.4794383006377208,0.4794383006377208
1,DNS,5,0.464375,0.04856078175478816,0.07998414186132508,-0.013660321820680527,-0.014799535084365767,0.3098650275410578,1.99712771724555,6.445153662850597,-0.13074519546776953,-0.11594566038340376,0.4709945158464482,0.4709945158464482
1,DNS,6,0.556875,0.03720750674178504,0.08609810207497165,-0.014848739132543292,-0.013403294164440888,0.33231204316570545,1.9955096050623422,6.004927134305792,-0.1246080514606452,-0.11120475729620433,0.4626339033406426,0.4626339033406426
1,DNS,7,0.65,0.02921529680466767,0.08963249490490424,-0.008473930470975163,-0.012897619263301716,0.3769763854166643,1.99488628916995,5.291807037104043,-0.11937418115360393,-0.10647656189030219,0.454414236948085,0.4544142369480851
1,MF,0,0.0,0.2366846801687004,0.4852127952534624,-8.185779341824762e-21,0.0,0.03964542975489275,2.0,50.44717669514415,-0.2406281910113029,-0.2406281910113029,0.5,0.5
1,MF,1,0.093125,0.11125008855657002,0.3723777051710803,-0.01617051186461132,-0.038595746588708166,0.15985034616209493,2.0000027194858685,12.511719664703023,-0.215485405971281,-0.17688965938257284,0.49805602276463645,0.49805602276463645
1,MF,2,0.185625,0.0715694929346057,0.2416487778550801,0.017844299341488786,-0.04001747235790967,0.17574257437234633,1.9999915288270897,11.380233480532166,-0.18583541452140678,-0.14581794216349708,0.49385711965376006,0.49385711965376
1,MF,3,0.27875,0.06299618283823785,0.1352605638298543,0.0157077159992352,-0.02979139883320374,0.19858377617088332,1.99977341992565,10.070175210107925,-0.15887160175145432,-0.12908020291825056,0.4874224307834203,0.4874224307834203
1,MF,4,0.37125,0.05645962692397011,0.08566202211489338,-0.0006800748195912428,-0.020198245639534484,0.25618584386670634,1.9989338447775857,7.80267096185702,-0.1406871796329443,-0.12048893399340982,0.4795720494750463,0.47957204947504617
1,MF,5,0.464375,0.0460035830808655,0.07671510696289047,-0.011908868057713167,-0.015188199854882707,0.3131817719673117,1.9973837983619274,6.377714085385545,-0.13048614656056856,-0.11529794670568586,0.4711082704951747,0.4711082704951747
1,MF,6,0.556875,0.03500651286356031,0.08177255972188739,-0.012867438025647089,-0.013462812502566483,0.3356621387682654,1.9959084128821032,5.946182730665491,-0.12418062475697897,-0.11071781225441249,0.4627065479485598,0.4627065479485598
1,MF,7,0.65,0.027414776886148323,0.08422511445324535,-0.00691552622433915,-0.012659341233324559,0.3776475575241794,1.995463270452705,5.283930031309531,-0.11890008755518845,-0.1062407463218639,0.45443996697545364,0.45443996697545364
10,DNS,0,0.0,0.2366846801687004,0.4852127952534624,-8.185779341824762e-21,0.0,0.03964542975489275,2.0,50.44717669514415,-0.2406281910113029,-0.2406281910113029,0.5,0.5
10,DNS,1,0.093125,0.11418011985946783,0.37845907346033486,-0.015626280380754518,-0.03802827173724599,0.15570351461771595,1.999998991654424,12.844918732662082,-0.21429099708429492,-0.17626272534704893,0.48533643431677037,0.4853364343167704
10,DNS,2,0.185625,0.07453705834779617,0.24564856941761914,0.01848239326722436,-0.03826375588602778,0.1708386630471096,1.9999652968576047,11.706748701879647,-0.18247647796428,-0.1442127220782522,0.4611720339886257,0.4611720339886257
10,DNS,3,0.27875,0.06576760447096071,0.13798918035102192,0.015221244730854431,-0.027301786015068684,0.19617933032856957,1.9996977666071842,10.193213338316552,-0.1527417449228699,-0.1254399589078012,0.431146825584915,0.431146825584915
10,DNS,4,0.37125,0.05915918012694884,0.08837368473846337,-0.0018760738770643571,-0.017019668904534047,0.2585018558006985,1.9987832113966344,7.732181284368301,-0.13145897789739053,-0.11443930899285651,0.4016157994690199,0.4016157994690199
10,DNS,5,0.464375,0.04856078175478816,0.07998414186132508,-0.013660321820680527,-0.011347015959977648,0.3098650275410578,1.99712771724555,6.445153662850597,-0.11856439355432855,-0.1072173775943509,0.3767653731636154,0.37676537316361536
10,DNS,6,0.556875,0.03720750674178504,0.08609810207497165,-0.014848739132543292,-0.009221062876259484,0.33231204316570545,1.9955096050623422,6.004927134305792,-0.11051295399066359,-0.1012918911144041,0.3579349059245321,0.35793490592453214
10,DNS,7,0.65,0.02921529680466767,0.08963249490490424,-0.008473930470975163,-0.008612543417806196,0.3769763854166643,1.99488628916995,5.291807037104043,-0.10438029265538759,-0.09576774923758141,0.34353356344423824,0.34353356344423824
10,MF,0,0.0,0.2366846801687004,0.4852127952534624,-8.185779341824762e-21,0.0,0.03964542975489275,2.0,50.44717669514415,-0.2406281910113029,-0.2406281910113029,0.5,0.5
10,MF,1,0.093125,0.11125008855657159,0.372377705171083,-0.016170511864611686,-0.03809070046755943,0.15985034616209687,2.000002719485869,12.511719664702873,-0.21460199369620125,-0.17651129322864184,0.4854428846524295,0.4854428846524295
10,MF,2,0.185625,0.07156949293460796,0.24164877785508512,0.017844299341488852,-0.03896459668737526,0.1757425743723496,1.9999915288270897,11.380233480531952,-0.1831027225588897,-0.14413812587151442,0.46152829099639947,0.46152829099639947
10,MF,3,0.27875,0.0629961828382407,0.13526056382985924,0.015707715999234918,-0.028238864267952787,0.1985837761708808,1.9997734199256503,10.070175210108054,-0.1533399645545177,-0.1251011002865649,0.43171369830001594,0.4317136983000159
10,MF,4,0.37125,0.05645962692397288,0.08566202211489743,-0.0006800748195921746,-0.017790150561281054,0.2561858438667081,1.9989338447775855,7.802670961856965,-0.13168468620967316,-0.11389453564839212,0.4021385516871624,0.4021385516871624
10,MF,5,0.464375,0.04600358308086768,0.07671510696289421,-0.01190886805771417,-0.011769033288944766,0.3131817719673108,1.9973837983619274,6.377714085385563,-0.1184290398615497,-0.10666000657260494,0.37702602076596026,0.3770260207659602
10,MF,6,0.556875,0.035006512863561746,0.08177255972189137,-0.012867438025647899,-0.009319453950312542,0.33566213876826345,1.9959084128821036,5.946182730665527,-0.110177794321871,-0.10085834037155847,0.3578932222658589,0.3578932222658589
10,MF,7,0.65,0.02741477688614978,0.0842251144532506,-0.006915526224339566,-0.008420347886577964,0.3776475575241799,1.9954632704527049,5.283930031309524,-0.10396050352518368,-0.09554015563860574,0.3432446121222055,0.3432446121222055
100,DNS,0,0.0,0.2366846801687004,0.4852127952534624,-8.185779341824762e-21,0.0,0.03964542975489275,2.0,50.44717669514415,-0.2406281910113029,-0.2406281910113029,0.5,0.5
100,DNS,1,0.093125,0.11418011985946783,0.37845907346033486,-0.015626280380754518,-0.034657354594981635,0.15570351461771595,1.999998991654424,12.844918732662082,-0.20863987520793403,-0.1739825206129524,0.4609932195614769,0.4609932195614769
100,DNS,2,0.185625,0.07453705834779617,0.24564856941761914,0.01848239326722436,-0.03397546278871561,0.1708386630471096,1.9999652968576047,11.706748701879647,-0.17289388920297138,-0.13891842641425575,0.42123663707948394,0.42123663707948394
100,DNS,3,0.27875,0.06576760447096071,0.13798918035102192,0.015221244730854431,-0.023027103572162436,0.19617933032856957,1.9996977666071842,10.193213338316552,-0.1396112037208202,-0.11658410014865775,0.3793678253537424,0.37936782535374247
100,DNS,4,0.37125,0.05915918012694884,0.08837368473846337,-0.0018760738770643571,-0.012104089267265337,0.2585018558006985,1.9987832113966344,7.732181284368301,-0.1150766870753046,-0.10297259780803927,0.34393198651642853,0.34393198651642853
100,DNS,5,0.464375,0.04856078175478816,0.07998414186132508,-0.013660321820680527,-0.00578008187048672,0.3098650275410578,1.99712771724555,6.445153662850597,-0.10143273301129829,-0.09565265114081156,0.32115973067775433,0.32115973067775433
100,DNS,6,0.556875,0.03720750674178504,0.08609810207497165,-0.014848739132543292,-0.0038759998446951218,0.33231204316570545,1.9955096050623422,6.004927134305792,-0.09527652253034649,-0.09140052268565135,0.3100176685995868,0.3100176685995868
100,DNS,7,0.65,0.02921529680466767,0.08963249490490424,-0.008473930470975163,-0.004292538656037103,0.3769763854166643,1.99488628916995,5.291807037104043,-0.09162018234646067,-0.08732764369042356,0.30368132786640306,0.30368132786640306
100,MF,0,0.0,0.2366846801687004,0.4852127952534624,-8.185779341824762e-21,0.0,0.03964542975489275,2.0,50.44717669514415,-0.2406281910113029,-0.2406281910113029,0.5,0.5
100,MF,1,0.093125,0.11125008855657506,0.37237770517109015,-0.01617051186461097,-0.03466806070013652,0.15985034616209937,2.000002719485869,12.511719664702678,-0.20891569682040761,-0.17424763612027105,0.46124198605823896,0.4612419860582389
100,MF,2,0.185625,0.07156949293461029,0.2416487778550891,0.017844299341489123,-0.03462522032576214,0.17574257437234939,1.9999915288270897,11.380233480531967,-0.1736088684309049,-0.13898364810514274,0.42201602954913764,0.4220160295491377
100,MF,3,0.27875,0.06299618283824264,0.13526056382986146,0.015707715999234644,-0.023972991528497356,0.1985837761708817,1.99977341992565,10.070175210108008,-0.1404810337840899,-0.11650804225559255,0.3804998464163859,0.3804998464163859
100,MF,4,0.37125,0.0564596269239746,0.08566202211489889,-0.00068007481959269,-0.01294488412808233,0.256185843866716,1.9989338447775853,7.802670961856723,-0.11562157617006107,-0.10267669204197874,0.3448128150232439,0.34481281502324385
100,MF,5,0.464375,0.04600358308086884,0.0767151069628956,-0.011908868057714982,-0.0062773103473476016,0.3131817719673085,1.9973837983619271,6.377714085385609,-0.1014613606764467,-0.0951840503290991,0.3213259602590241,0.3213259602590241
100,MF,6,0.556875,0.0350065128635617,0.08177255972188985,-0.012867438025648098,-0.004027806952424579,0.33566213876826306,1.9959084128821036,5.946182730665534,-0.09496562429704702,-0.09093781734462246,0.3095936148572136,0.3095936148572136
100,MF,7,0.65,0.027414776886149336,0.08422511445324915,-0.006915526224339763,-0.00413381088701425,0.37764755752418305,1.9954632704527056,5.283930031309481,-0.09115030766823112,-0.08701649678121687,0.3029411083790713,0.3029411083790713
