Da,method,snapshot,step,time,y,unmixedness
1,DNS,4,594,0.37125,0.0078125,-1.1605716067452185e-08
1,DNS,4,594,0.37125,0.0234375,-3.4435879838471736e-08
1,DNS,4,594,0.37125,0.0390625,-1.4782896869824408e-07
1,DNS,4,594,0.37125,0.0546875,-6.487573801147831e-07
1,DNS,4,594,0.37125,0.0703125,-2.6799512741872877e-06
1,DNS,4,594,0.37125,0.0859375,-1.0230452812350714e-05
1,DNS,4,594,0.37125,0.1015625,-3.585945774222883e-05
1,DNS,4,594,0.37125,0.1171875,-0.00011491326980663186
1,DNS,4,594,0.37125,0.1328125,-0.00033532351617156664
1,DNS,4,594,0.37125,0.1484375,-0.0008876309240800857
1,DNS,4,594,0.37125,0.1640625,-0.0021241058417459627
1,DNS,4,594,0.37125,0.1796875,-0.004582333239049061
1,DNS,4,594,0.37125,0.1953125,-0.008896523384156975
1,DNS,4,594,0.37125,0.2109375,-0.015541069344636803
1,DNS,4,594,0.37125,0.2265625,-0.024466037419922215
1,DNS,4,594,0.37125,0.2421875,-0.0348339022295059
1,DNS,4,594,0.37125,0.2578125,-0.04508923694541456
1,DNS,4,594,0.37125,0.2734375,-0.053402928916437914
1,DNS,4,594,0.37125,0.2890625,-0.058278495357067736
1,DNS,4,594,0.37125,0.3046875,-0.059024184688554616
1,DNS,4,594,0.37125,0.3203125,-0.05591341286911074
1,DNS,4,594,0.37125,0.3359375,-0.05001528571706575
1,DNS,4,594,0.37125,0.3515625,-0.04277634620854822
1,DNS,4,594,0.37125,0.3671875,-0.0355157370476651
1,DNS,4,594,0.37125,0.3828125,-0.029060944888739875
1,DNS,4,594,0.37125,0.3984375,-0.02368808036978757
1,DNS,4,594,0.37125,0.4140625,-0.019322141621144
1,DNS,4,594,0.37125,0.4296875,-0.015795840989580787
1,DNS,4,594,0.37125,0.4453125,-0.013007128743179903
1,DNS,4,594,0.37125,0.4609375,-0.010943239536801052
1,DNS,4,594,0.37125,0.4765625,-0.009613152339265685
1,DNS,4,594,0.37125,0.4921875,-0.008978443437328218
1,DNS,4,594,0.37125,0.5078125,-0.0089784434373282
1,DNS,4,594,0.37125,0.5234375,-0.009613152339265641
1,DNS,4,594,0.37125,0.5390625,-0.010943239536801016
1,DNS,4,594,0.37125,0.5546875,-0.013007128743179872
1,DNS,4,594,0.37125,0.5703125,-0.015795840989580763
1,DNS,4,594,0.37125,0.5859375,-0.019322141621143974
1,DNS,4,594,0.37125,0.6015625,-0.023688080369787548
1,DNS,4,594,0.37125,0.6171875,-0.029060944888739858
1,DNS,4,594,0.37125,0.6328125,-0.03551573704766507
1,DNS,4,594,0.37125,0.6484375,-0.042776346208548185
1,DNS,4,594,0.37125,0.6640625,-0.050015285717065705
1,DNS,4,594,0.37125,0.6796875,-0.055913412869110696
1,DNS,4,594,0.37125,0.6953125,-0.05902418468855458
1,DNS,4,594,0.37125,0.7109375,-0.058278495357067694
1,DNS,4,594,0.37125,0.7265625,-0.053402928916437886
1,DNS,4,594,0.37125,0.7421875,-0.045089236945414536
1,DNS,4,594,0.37125,0.7578125,-0.034833902229505886
1,DNS,4,594,0.37125,0.7734375,-0.02446603741992221
1,DNS,4,594,0.37125,0.7890625,-0.015541069344636801
1,DNS,4,594,0.37125,0.8046875,-0.008896523384156975
1,DNS,4,594,0.37125,0.8203125,-0.004582333239049062
1,DNS,4,594,0.37125,0.8359375,-0.0021241058417459605
1,DNS,4,594,0.37125,0.8515625,-0.0008876309240800854
1,DNS,4,594,0.37125,0.8671875,-0.00033532351617156664
1,DNS,4,594,0.37125,0.8828125,-0.00011491326980663217
1,DNS,4,594,0.37125,0.8984375,-3.585945774222899e-05
1,DNS,4,594,0.37125,0.9140625,-1.0230452812350736e-05
1,DNS,4,594,0.37125,0.9296875,-2.679951274187274e-06
1,DNS,4,594,0.37125,0.9453125,-6.487573801147867e-07
1,DNS,4,594,0.37125,0.9609375,-1.4782896869824153e-07
1,DNS,4,594,0.37125,0.9765625,-3.4435879838469844e-08
1,DNS,4,594,0.37125,0.9921875,-1.1605716067450061e-08
1,MF,4,594,0.37125,0.0078125,-9.5165254357682e-09
1,MF,4,594,0.37125,0.0234375,-3.125174104272283e-08
1,MF,4,594,0.37125,0.0390625,-1.4453649470727345e-07
1,MF,4,594,0.37125,0.0546875,-6.60101202203795e-07
1,MF,4,594,0.37125,0.0703125,-2.7860439720328936e-06
1,MF,4,594,0.37125,0.0859375,-1.0764167314678284e-05
1,MF,4,594,0.37125,0.1015625,-3.7984151054915633e-05
1,MF,4,594,0.37125,0.1171875,-0.00012213585375037362
1,MF,4,594,0.37125,0.1328125,-0.0003568013860390991
1,MF,4,594,0.37125,0.1484375,-0.0009439597108815158
1,MF,4,594,0.37125,0.1640625,-0.002254659453677644
1,MF,4,594,0.37125,0.1796875,-0.004849691400105731
1,MF,4,594,0.37125,0.1953125,-0.009380215502777452
1,MF,4,594,0.37125,0.2109375,-0.016315265540580777
1,MF,4,594,0.37125,0.2265625,-0.025567350326545342
1,MF,4,594,0.37125,0.2421875,-0.03623865030549539
1,MF,4,594,0.37125,0.2578125,-0.046718614285720265
1,MF,4,594,0.37125,0.2734375,-0.05515502890197299
1,MF,4,594,0.37125,0.2890625,-0.06006534276002508
1,MF,4,594,0.37125,0.3046875,-0.060789478559860735
1,MF,4,594,0.37125,0.3203125,-0.05762258850009755
1,MF,4,594,0.37125,0.3359375,-0.051630342523073455
1,MF,4,594,0.37125,0.3515625,-0.04424093459455528
1,MF,4,594,0.37125,0.3671875,-0.0367695277747569
1,MF,4,594,0.37125,0.3828125,-0.030074382718505578
1,MF,4,594,0.37125,0.3984375,-0.024486003749714554
1,MF,4,594,0.37125,0.4140625,-0.01997862939173359
1,MF,4,594,0.37125,0.4296875,-0.016414044428170106
1,MF,4,594,0.37125,0.4453125,-0.013698880268423112
1,MF,4,594,0.37125,0.4609375,-0.011799715987654589
1,MF,4,594,0.37125,0.4765625,-0.010662074551055618
1,MF,4,594,0.37125,0.4921875,-0.010157162221625847
1,MF,4,594,0.37125,0.5078125,-0.010157162221625844
1,MF,4,594,0.37125,0.5234375,-0.010662074551055618
1,MF,4,594,0.37125,0.5390625,-0.011799715987654589
1,MF,4,594,0.37125,0.5546875,-0.01369888026842311
1,MF,4,594,0.37125,0.5703125,-0.016414044428170106
1,MF,4,594,0.37125,0.5859375,-0.019978629391733595
1,MF,4,594,0.37125,0.6015625,-0.02448600374971456
1,MF,4,594,0.37125,0.6171875,-0.03007438271850558
1,MF,4,594,0.37125,0.6328125,-0.03676952777475691
1,MF,4,594,0.37125,0.6484375,-0.044240934594555276
1,MF,4,594,0.37125,0.6640625,-0.051630342523073455
1,MF,4,594,0.37125,0.6796875,-0.05762258850009755
1,MF,4,594,0.37125,0.6953125,-0.060789478559860735
1,MF,4,594,0.37125,0.7109375,-0.06006534276002508
1,MF,4,594,0.37125,0.7265625,-0.05515502890197299
1,MF,4,594,0.37125,0.7421875,-0.04671861428572028
1,MF,4,594,0.37125,0.7578125,-0.03623865030549539
1,MF,4,594,0.37125,0.7734375,-0.025567350326545345
1,MF,4,594,0.37125,0.7890625,-0.016315265540580784
1,MF,4,594,0.37125,0.8046875,-0.009380215502777458
1,MF,4,594,0.37125,0.8203125,-0.004849691400105733
1,MF,4,594,0.37125,0.8359375,-0.002254659453677644
1,MF,4,594,0.37125,0.8515625,-0.0009439597108815154
1,MF,4,594,0.37125,0.8671875,-0.00035680138603909946
1,MF,4,594,0.37125,0.8828125,-0.00012213585375037378
1,MF,4,594,0.37125,0.8984375,-3.79841510549157e-05
1,MF,4,594,0.37125,0.9140625,-1.0764167314678385e-05
1,MF,4,594,0.37125,0.9296875,-2.786043972032931e-06
1,MF,4,594,0.37125,0.9453125,-6.601012022038276e-07
1,MF,4,594,0.37125,0.9609375,-1.445364947072786e-07
1,MF,4,594,0.37125,0.9765625,-3.125174104272955e-08
1,MF,4,594,0.37125,0.9921875,-9.51652543576818e-09
10,DNS,4,594,0.37125,0.0078125,-2.3100831924463063e-09
10,DNS,4,594,0.37125,0.0234375,-7.396661998976008e-09
10,DNS,4,594,0.37125,0.0390625,-3.45215708786045e-08
10,DNS,4,594,0.37125,0.0546875,-1.6462491100133088e-07
10,DNS,4,594,0.37125,0.0703125,-7.417950983470652e-07
10,DNS,4,594,0.37125,0.0859375,-3.106673479728318e-06
10,DNS,4,594,0.37125,0.1015625,-1.202188280028286e-05
10,DNS,4,594,0.37125,0.1171875,-4.2789372954088016e-05
10,DNS,4,594,0.37125,0.1328125,-0.00013939529525670125
10,DNS,4,594,0.37125,0.1484375,-0.0004132960421115216
10,DNS,4,594,0.37125,0.1640625,-0.0011082495170119597
10,DNS,4,594,0.37125,0.1796875,-0.0026700631996525942
10,DNS,4,594,0.37125,0.1953125,-0.005745036257249492
10,DNS,4,594,0.37125,0.2109375,-0.010991898294408593
10,DNS,4,594,0.37125,0.2265625,-0.018674758841331296
10,DNS,4,594,0.37125,0.2421875,-0.02823850987516857
10,DNS,4,594,0.37125,0.2578125,-0.03822886019445269
10,DNS,4,594,0.37125,0.2734375,-0.04672604470439852
10,DNS,4,594,0.37125,0.2890625,-0.05205396348968768
10,DNS,4,594,0.37125,0.3046875,-0.05335546361325794
10,DNS,4,594,0.37125,0.3203125,-0.05080056447620049
10,DNS,4,594,0.37125,0.3359375,-0.04542337044801349
10,DNS,4,594,0.37125,0.3515625,-0.03868783235355582
10,DNS,4,594,0.37125,0.3671875,-0.03195046385408598
10,DNS,4,594,0.37125,0.3828125,-0.026060255239207148
10,DNS,4,594,0.37125,0.3984375,-0.02127948113105401
10,DNS,4,594,0.37125,0.4140625,-0.017488486836428736
10,DNS,4,594,0.37125,0.4296875,-0.014466032560915108
10,DNS,4,594,0.37125,0.4453125,-0.012072257640662006
10,DNS,4,594,0.37125,0.4609375,-0.010286245744744349
10,DNS,4,594,0.37125,0.4765625,-0.009130166920677538
10,DNS,4,594,0.37125,0.4921875,-0.008579839837998034
10,DNS,4,594,0.37125,0.5078125,-0.008579839837998017
10,DNS,4,594,0.37125,0.5234375,-0.009130166920677495
10,DNS,4,594,0.37125,0.5390625,-0.010286245744744316
10,DNS,4,594,0.37125,0.5546875,-0.012072257640661978
10,DNS,4,594,0.37125,0.5703125,-0.014466032560915085
10,DNS,4,594,0.37125,0.5859375,-0.017488486836428712
10,DNS,4,594,0.37125,0.6015625,-0.021279481131053987
10,DNS,4,594,0.37125,0.6171875,-0.026060255239207134
10,DNS,4,594,0.37125,0.6328125,-0.031950463854085946
10,DNS,4,594,0.37125,0.6484375,-0.03868783235355579
10,DNS,4,594,0.37125,0.6640625,-0.045423370448013464
10,DNS,4,594,0.37125,0.6796875,-0.050800564476200454
10,DNS,4,594,0.37125,0.6953125,-0.053355463613257895
10,DNS,4,594,0.37125,0.7109375,-0.05205396348968763
10,DNS,4,594,0.37125,0.7265625,-0.046726044704398464
10,DNS,4,594,0.37125,0.7421875,-0.038228860194452666
10,DNS,4,594,0.37125,0.7578125,-0.02823850987516855
10,DNS,4,594,0.37125,0.7734375,-0.018674758841331282
10,DNS,4,594,0.37125,0.7890625,-0.010991898294408588
10,DNS,4,594,0.37125,0.8046875,-0.005745036257249489
10,DNS,4,594,0.37125,0.8203125,-0.0026700631996525934
10,DNS,4,594,0.37125,0.8359375,-0.0011082495170119595
10,DNS,4,594,0.37125,0.8515625,-0.00041329604211152126
10,DNS,4,594,0.37125,0.8671875,-0.00013939529525670117
10,DNS,4,594,0.37125,0.8828125,-4.278937295408807e-05
10,DNS,4,594,0.37125,0.8984375,-1.2021882800282886e-05
10,DNS,4,594,0.37125,0.9140625,-3.1066734797283216e-06
10,DNS,4,594,0.37125,0.9296875,-7.417950983470654e-07
10,DNS,4,594,0.37125,0.9453125,-1.6462491100132918e-07
10,DNS,4,594,0.37125,0.9609375,-3.452157087860358e-08
10,DNS,4,594,0.37125,0.9765625,-7.396661998974734e-09
10,DNS,4,594,0.37125,0.9921875,-2.310083192446032e-09
10,MF,4,594,0.37125,0.0078125,-2.140802500862199e-09
10,MF,4,594,0.37125,0.0234375,-7.280133047446993e-09
10,MF,4,594,0.37125,0.0390625,-3.55626789213533e-08
10,MF,4,594,0.37125,0.0546875,-1.738333133049151e-07
10,MF,4,594,0.37125,0.0703125,-7.937687662268265e-07
10,MF,4,594,0.37125,0.0859375,-3.3486255179961714e-06
10,MF,4,594,0.37125,0.1015625,-1.3007531834508315e-05
10,MF,4,594,0.37125,0.1171875,-4.636894857569204e-05
10,MF,4,594,0.37125,0.1328125,-0.00015103710606832464
10,MF,4,594,0.37125,0.1484375,-0.0004471366937777364
10,MF,4,594,0.37125,0.1640625,-0.0011956907320154406
10,MF,4,594,0.37125,0.1796875,-0.002869486302061013
10,MF,4,594,0.37125,0.1953125,-0.006143755752052435
10,MF,4,594,0.37125,0.2109375,-0.011687844503780319
10,MF,4,594,0.37125,0.2265625,-0.019736181065402328
10,MF,4,594,0.37125,0.2421875,-0.029664285084830037
10,MF,4,594,0.37125,0.2578125,-0.03994226814316499
10,MF,4,594,0.37125,0.2734375,-0.048609459589888854
10,MF,4,594,0.37125,0.2890625,-0.0539961392778178
10,MF,4,594,0.37125,0.3046875,-0.055277138648657714
10,MF,4,594,0.37125,0.3203125,-0.05264776486418756
10,MF,4,594,0.37125,0.3359375,-0.04714413793031165
10,MF,4,594,0.37125,0.3515625,-0.04021997753124666
10,MF,4,594,0.37125,0.3671875,-0.03323773822730302
10,MF,4,594,0.37125,0.3828125,-0.027084831811251077
10,MF,4,594,0.37125,0.3984375,-0.0220791023329927
10,MF,4,594,0.37125,0.4140625,-0.018145280080384903
10,MF,4,594,0.37125,0.4296875,-0.015085278991818836
10,MF,4,594,0.37125,0.4453125,-0.012765302073231594
10,MF,4,594,0.37125,0.4609375,-0.011144536060001164
10,MF,4,594,0.37125,0.4765625,-0.01018267859912974
10,MF,4,594,0.37125,0.4921875,-0.009764028867995732
10,MF,4,594,0.37125,0.5078125,-0.009764028867995732
10,MF,4,594,0.37125,0.5234375,-0.010182678599129745
10,MF,4,594,0.37125,0.5390625,-0.011144536060001167
10,MF,4,594,0.37125,0.5546875,-0.0127653020732316
10,MF,4,594,0.37125,0.5703125,-0.015085278991818843
10,MF,4,594,0.37125,0.5859375,-0.018145280080384903
10,MF,4,594,0.37125,0.6015625,-0.022079102332992692
10,MF,4,594,0.37125,0.6171875,-0.027084831811251063
10,MF,4,594,0.37125,0.6328125,-0.033237738227303
10,MF,4,594,0.37125,0.6484375,-0.04021997753124665
10,MF,4,594,0.37125,0.6640625,-0.047144137930311636
10,MF,4,594,0.37125,0.6796875,-0.05264776486418755
10,MF,4,594,0.37125,0.6953125,-0.055277138648657693
10,MF,4,594,0.37125,0.7109375,-0.05399613927781779
10,MF,4,594,0.37125,0.7265625,-0.04860945958988884
10,MF,4,594,0.37125,0.7421875,-0.039942268143164976
10,MF,4,594,0.37125,0.7578125,-0.029664285084830024
10,MF,4,594,0.37125,0.7734375,-0.01973618106540232
10,MF,4,594,0.37125,0.7890625,-0.01168784450378032
10,MF,4,594,0.37125,0.8046875,-0.006143755752052437
10,MF,4,594,0.37125,0.8203125,-0.002869486302061014
10,MF,4,594,0.37125,0.8359375,-0.0011956907320154412
10,MF,4,594,0.37125,0.8515625,-0.0004471366937777367
10,MF,4,594,0.37125,0.8671875,-0.00015103710606832472
10,MF,4,594,0.37125,0.8828125,-4.6368948575691994e-05
10,MF,4,594,0.37125,0.8984375,-1.3007531834508307e-05
10,MF,4,594,0.37125,0.9140625,-3.348625517996156e-06
10,MF,4,594,0.37125,0.9296875,-7.937687662268171e-07
10,MF,4,594,0.37125,0.9453125,-1.7383331330491007e-07
10,MF,4,594,0.37125,0.9609375,-3.5562678921348834e-08
10,MF,4,594,0.37125,0.9765625,-7.280133047445808e-09
10,MF,4,594,0.37125,0.9921875,-2.1408025008616276e-09
100,DNS,4,594,0.37125,0.0078125,-3.5263796642026556e-14
100,DNS,4,594,0.37125,0.0234375,-2.397733036894546e-13
100,DNS,4,594,0.37125,0.0390625,-2.3020563951218743e-12
100,DNS,4,594,0.37125,0.0546875,-2.220483439158121e-11
100,DNS,4,594,0.37125,0.0703125,-2.047363957052035e-10
100,DNS,4,594,0.37125,0.0859375,-1.7847617606282823e-09
100,DNS,4,594,0.37125,0.1015625,-1.462113670107307e-08
100,DNS,4,594,0.37125,0.1171875,-1.1178828528457919e-07
100,DNS,4,594,0.37125,0.1328125,-7.901132481059423e-07
100,DNS,4,594,0.37125,0.1484375,-5.094152209242423e-06
100,DNS,4,594,0.37125,0.1640625,-2.941710222713444e-05
100,DNS,4,594,0.37125,0.1796875,-0.00014849659271153745
100,DNS,4,594,0.37125,0.1953125,-0.0006354556381760332
100,DNS,4,594,0.37125,0.2109375,-0.002225640653325268
100,DNS,4,594,0.37125,0.2265625,-0.006179248482262657
100,DNS,4,594,0.37125,0.2421875,-0.01340002080531616
100,DNS,4,594,0.37125,0.2578125,-0.023009791123213007
100,DNS,4,594,0.37125,0.2734375,-0.03244815890529793
100,DNS,4,594,0.37125,0.2890625,-0.039148047491408246
100,DNS,4,594,0.37125,0.3046875,-0.04174722660194394
100,DNS,4,594,0.37125,0.3203125,-0.040257258051638295
100,DNS,4,594,0.37125,0.3359375,-0.03575126469886957
100,DNS,4,594,0.37125,0.3515625,-0.029857052807613582
100,DNS,4,594,0.37125,0.3671875,-0.02410979616544764
100,DNS,4,594,0.37125,0.3828125,-0.019432389911233923
100,DNS,4,594,0.37125,0.3984375,-0.0160576142865144
100,DNS,4,594,0.37125,0.4140625,-0.013756410839402041
100,DNS,4,594,0.37125,0.4296875,-0.012097926911320995
100,DNS,4,594,0.37125,0.4453125,-0.010718197355697331
100,DNS,4,594,0.37125,0.4609375,-0.009518328486106203
100,DNS,4,594,0.37125,0.4765625,-0.00862601149863418
100,DNS,4,594,0.37125,0.4921875,-0.00817108945497152
100,DNS,4,594,0.37125,0.5078125,-0.008171089454971506
100,DNS,4,594,0.37125,0.5234375,-0.008626011498634146
100,DNS,4,594,0.37125,0.5390625,-0.009518328486106177
100,DNS,4,594,0.37125,0.5546875,-0.010718197355697314
100,DNS,4,594,0.37125,0.5703125,-0.01209792691132098
100,DNS,4,594,0.37125,0.5859375,-0.013756410839402032
100,DNS,4,594,0.37125,0.6015625,-0.016057614286514386
100,DNS,4,594,0.37125,0.6171875,-0.01943238991123391
100,DNS,4,594,0.37125,0.6328125,-0.024109796165447617
100,DNS,4,594,0.37125,0.6484375,-0.029857052807613547
100,DNS,4,594,0.37125,0.6640625,-0.035751264698869537
100,DNS,4,594,0.37125,0.6796875,-0.04025725805163825
100,DNS,4,594,0.37125,0.6953125,-0.04174722660194389
100,DNS,4,594,0.37125,0.7109375,-0.0391480474914082
100,DNS,4,594,0.37125,0.7265625,-0.0324481589052979
100,DNS,4,594,0.37125,0.7421875,-0.023009791123212983
100,DNS,4,594,0.37125,0.7578125,-0.01340002080531615
100,DNS,4,594,0.37125,0.7734375,-0.006179248482262654
100,DNS,4,594,0.37125,0.7890625,-0.0022256406533252672
100,DNS,4,594,0.37125,0.8046875,-0.0006354556381760329
100,DNS,4,594,0.37125,0.8203125,-0.00014849659271153743
100,DNS,4,594,0.37125,0.8359375,-2.941710222713443e-05
100,DNS,4,594,0.37125,0.8515625,-5.09415220924242e-06
100,DNS,4,594,0.37125,0.8671875,-7.901132481059419e-07
100,DNS,4,594,0.37125,0.8828125,-1.1178828528457924e-07
100,DNS,4,594,0.37125,0.8984375,-1.4621136701073096e-08
100,DNS,4,594,0.37125,0.9140625,-1.7847617606282817e-09
100,DNS,4,594,0.37125,0.9296875,-2.0473639570520317e-10
100,DNS,4,594,0.37125,0.9453125,-2.2204834391580695e-11
100,DNS,4,594,0.37125,0.9609375,-2.3020563951216982e-12
100,DNS,4,594,0.37125,0.9765625,-2.3977330368937566e-13
100,DNS,4,594,0.37125,0.9921875,-3.526379664200688e-14
100,MF,4,594,0.37125,0.0078125,-3.490426998162575e-14
100,MF,4,594,0.37125,0.0234375,-2.535437792843761e-13
100,MF,4,594,0.37125,0.0390625,-2.5543168236216483e-12
100,MF,4,594,0.37125,0.0546875,-2.5288426525497432e-11
100,MF,4,594,0.37125,0.0703125,-2.3660216323688145e-10
100,MF,4,594,0.37125,0.0859375,-2.0807655403652623e-09
100,MF,4,594,0.37125,0.1015625,-1.7139347578142246e-08
100,MF,4,594,0.37125,0.1171875,-1.3146069699492932e-07
100,MF,4,594,0.37125,0.1328125,-9.303643229432744e-07
100,MF,4,594,0.37125,0.1484375,-5.994573617724125e-06
100,MF,4,594,0.37125,0.1640625,-3.451562506186531e-05
100,MF,4,594,0.37125,0.1796875,-0.00017322306675134525
100,MF,4,594,0.37125,0.1953125,-0.0007342831211866286
100,MF,4,594,0.37125,0.2109375,-0.002536920404631558
100,MF,4,594,0.37125,0.2265625,-0.0069226302870092765
100,MF,4,594,0.37125,0.2421875,-0.014734783705937237
100,MF,4,594,0.37125,0.2578125,-0.024884551837729002
100,MF,4,594,0.37125,0.2734375,-0.03466405521259697
100,MF,4,594,0.37125,0.2890625,-0.041515752348019144
100,MF,4,594,0.37125,0.3046875,-0.04414659879780534
100,MF,4,594,0.37125,0.3203125,-0.04260476396939887
100,MF,4,594,0.37125,0.3359375,-0.03794514599731331
100,MF,4,594,0.37125,0.3515625,-0.03176331455223547
100,MF,4,594,0.37125,0.3671875,-0.02562520396369094
100,MF,4,594,0.37125,0.3828125,-0.02056772833261332
100,MF,4,594,0.37125,0.3984375,-0.01693162667808878
100,MF,4,594,0.37125,0.4140625,-0.01450815318838912
100,MF,4,594,0.37125,0.4296875,-0.012830736470555408
100,MF,4,594,0.37125,0.4453125,-0.01151239221572973
100,MF,4,594,0.37125,0.4609375,-0.010448996744451294
100,MF,4,594,0.37125,0.4765625,-0.009733917284540802
100,MF,4,594,0.37125,0.4921875,-0.009409922411415163
100,MF,4,594,0.37125,0.5078125,-0.009409922411415163
100,MF,4,594,0.37125,0.5234375,-0.009733917284540806
100,MF,4,594,0.37125,0.5390625,-0.010448996744451294
100,MF,4,594,0.37125,0.5546875,-0.011512392215729729
100,MF,4,594,0.37125,0.5703125,-0.012830736470555403
100,MF,4,594,0.37125,0.5859375,-0.014508153188389113
100,MF,4,594,0.37125,0.6015625,-0.01693162667808877
100,MF,4,594,0.37125,0.6171875,-0.020567728332613302
100,MF,4,594,0.37125,0.6328125,-0.025625203963690918
100,MF,4,594,0.37125,0.6484375,-0.031763314552235446
100,MF,4,594,0.37125,0.6640625,-0.03794514599731327
100,MF,4,594,0.37125,0.6796875,-0.042604763969398836
100,MF,4,594,0.37125,0.6953125,-0.0441465987978053
100,MF,4,594,0.37125,0.7109375,-0.041515752348019117
100,MF,4,594,0.37125,0.7265625,-0.03466405521259694
100,MF,4,594,0.37125,0.7421875,-0.024884551837728978
100,MF,4,594,0.37125,0.7578125,-0.014734783705937223
100,MF,4,594,0.37125,0.7734375,-0.00692263028700927
100,MF,4,594,0.37125,0.7890625,-0.0025369204046315555
100,MF,4,594,0.37125,0.8046875,-0.0007342831211866281
100,MF,4,594,0.37125,0.8203125,-0.00017322306675134508
100,MF,4,594,0.37125,0.8359375,-3.45156250618653e-05
100,MF,4,594,0.37125,0.8515625,-5.9945736177241205e-06
100,MF,4,594,0.37125,0.8671875,-9.303643229432756e-07
100,MF,4,594,0.37125,0.8828125,-1.3146069699492948e-07
100,MF,4,594,0.37125,0.8984375,-1.713934757814229e-08
100,MF,4,594,0.37125,0.9140625,-2.0807655403652677e-09
100,MF,4,594,0.37125,0.9296875,-2.366021632368813e-10
100,MF,4,594,0.37125,0.9453125,-2.528842652549749e-11
100,MF,4,594,0.37125,0.9609375,-2.554316823621632e-12
100,MF,4,594,0.37125,0.9765625,-2.5354377928432857e-13
100,MF,4,594,0.37125,0.9921875,-3.4904269981615675e-14
